0.0011757304485641741,-0.15129386330521702
0.011383829495118042,-0.19714821542357588
0.03238793772469203,-0.15434717518078042
0.05644338376289249,-0.10762874408954601
0.08196386609750667,-0.10486426911040281
0.11425837944633178,0.031537250629812094
0.15171501584133115,-0.0009610992671772126
0.19163386814261915,-0.0010485639555813248
0.23138192636994503,0.04514144507936276
0.27602697614284827,0.041218090771764214
0.32531848344974873,0.07125030002815053
0.3779091259220892,0.07635955948722109
0.433689401454251,0.0473375017366187
0.48846610382490746,-0.03028219273824057
0.5479174833193226,0.3392484249222788
0.6107198813053344,0.325421295155057
0.6831225392310691,0.32947887734677406
0.7542723907125601,0.4338646261611218
0.8269262754094266,0.48310873132025833
0.8979006118307777,0.46986923796013225
0.9760851363273788,0.3273594791346507
1.054383218414365,0.35504886136940333
1.131146535370286,0.30148129698133497
1.2170976561537419,0.3006550490238586
1.3048478716902774,0.20523116543316042
1.3795004458874274,0.22332277654495022
1.4521537648856866,0.3291328681946254
1.5318307910638937,0.34255043475417374
1.6187385317217802,0.3110772998662047
1.7068141665692957,0.32798021196389215
1.7861434368864597,0.11534149521770962
1.8609445451359623,-0.1237808496596925
1.9241299622428714,-0.05847717307083423
1.985733391337696,-0.031925462599883755
2.044342328794967,0.04321007432494953
2.1157083740159037,0.16135164212171677
2.178808527503996,0.25414500798554973
2.2332143925291033,0.2198658424895853
2.2814978484411315,0.3043098909471171
2.3241332298467126,0.321240056710023
2.371617736515402,0.45787091304403715
2.4136575425094158,0.7622037633543033
2.462187481387878,0.7653046380739177
2.5050000041821034,0.5321631101186095
2.5457402991124973,0.591775674847568
2.576639496432573,0.5962370513637986
2.5979355023582653,0.3198707232483132
2.621567717747135,0.46543467318573134
2.650601046808647,0.4921500448405441
2.673967994621647,0.3690979351883647
2.69355165379833,0.4177597866773759
2.7140423522086827,0.2706869675984563
2.730086824460259,0.4015084918313012
2.7529058141690697,0.42349204591843037
2.775250772185193,0.23074444596598767
2.795199180570809,0.2587751023088368
2.8151915365081557,0.5102093404722263
2.8292407534069075,0.5037200601533844
2.8362992452037323,0.4759949651003049
2.8484672612476616,0.5076978801224926
2.8558899397453295,0.4773238318070173
2.856653774522349,0.4752937250640014
2.855070409677416,0.40111589256057295
2.850245702028629,0.46593968586116397
2.8464475314823634,0.5219854296904499
2.843889144520854,0.49827442199440913
2.842361740145205,0.4254646354838986
2.848020880047352,0.4336527814592545
2.853021307334042,0.36113813181648236
2.8532823474456013,0.37466889468343095
2.8537451015040616,0.38880372348908865
2.85405568597679,0.4562808827567578
2.8577481215116984,0.4348278143058091
2.8606167289078823,0.49082345058726823
2.8650532368235306,0.4947518197072523
2.870471864495292,0.6035699825904465
2.8760130361545464,0.4630730710634134
2.8763961505424547,0.545424439079733
2.874566345183752,0.5304049320428535
2.8783192151474655,0.44506227972826495
2.8803762470473306,0.4650001609817635
2.8862768580760365,0.38385294449989243
2.895034712784397,0.46483532216951706
2.911511625684803,0.361933115566135
2.9251763942115283,0.30836853812641346
2.9429352438405716,0.2794079224213278
2.9555401929678795,0.36601873488989645
2.9594973950930332,0.32315481635033366
2.9676099107933793,0.39278084010654263
2.9726838518905994,0.48111898637097417
2.978497467260745,0.44972056605770894
2.9794754350585047,0.40389478161555736
2.9797534992931043,0.44270274509991614
2.9795115727532773,0.49815853823035444
2.982379103726329,0.4932475437211388
2.987212704052228,0.5952498240267163
2.9961088419743,0.5525142618661573
3.010166012562792,0.5682330605866176
3.02047425600706,0.4552793282640725
3.028300781005364,0.455206184887264
3.045717629414773,0.48261100163457304
3.0630344831883893,0.5351748802863516
3.0707815140602115,0.5197437890652095
3.076140628380465,0.5247504028416359
3.079292327771508,0.5137036605517178
3.0805101331060434,0.37807666882409124
3.0814200996914356,0.3401157119383409
3.079339387217279,0.40809819107029033
3.076910671768027,0.5029353772397539
3.0773643818939886,0.48181444396887035
3.0697016031269055,0.44533340161209434
3.0592159079108496,0.3894252677602465
3.053574689845669,0.42404774070192447
3.0437508610878594,0.38377423990757814
3.034045331923021,0.4076344124078176
3.029163448210156,0.43109438854745047
3.0217926792856016,0.39752694900140584
3.0141215647837507,0.2863621130120061
3.0143413346274017,0.2935996778038368
3.0153266087191133,0.274351515851362
3.016692572104369,0.2519888593543419
3.0182474070611005,0.1885797592516693
3.0245003987335535,0.1458424298337787
3.030188465607225,0.18915566257855182
3.0313799504406456,0.3561964862842399
3.0269940645650544,0.31372082628981246
3.021585898786505,0.2690280193420746
3.0162593462890337,0.32867811465921015
3.007284619804399,0.2277584028376567
2.9948253780184797,0.18789741116551306
2.9815076270482437,0.17547512187810024
2.967199843427601,0.20289492980531565
2.952436536840995,0.09082860072969329
2.939150292294353,0.10255292768409223
2.931277938013321,0.03765369150537202
2.927373948828061,0.04296741764458606
2.9211035999425383,0.15585110491338372
2.9170129456930725,0.12341400991671783
2.9185094191207606,0.17009403792319594
2.920230054832795,0.1272788981890385
2.9237443966628027,0.19582774265536212
2.9249682454050436,0.06017222267553523
2.9234202009839128,0.23755936449934897
2.9200134383773095,0.2004256959040753
2.9131402364924313,0.2636584702003954
2.904078669592136,0.22238164170889688
2.8969766960184193,0.03577697618702334
2.8894737231453256,0.009046587924759512
2.8806646234908917,0.011845463240130513
2.8740295464875554,0.04174335427593526
2.8671838752871266,0.08871892011869899
2.8553264272595014,0.16108260735684993
2.849027488452133,0.023474272747983083
2.849890088088918,0.0410413352727609
2.8492195042089974,-0.021372173544543526
2.850416085242588,0.07376821530100923
2.847914380049912,0.02790945272445524
2.846039829546814,0.015934043041311966
2.845716677837529,0.03592919525885875
2.8440703910900926,0.00874319143744965
2.8413816533759135,0.08175707928029208
2.8379577948969783,0.015727748873345177
2.835223940719117,0.06818052830101089
2.8297058226991094,0.0916932680663501
2.8247680030969313,0.09586639892850218
2.8244414377840545,-0.015331427943146549
2.834500027880632,-0.05201268245682509
2.8483686034191553,-0.017730989133912536
2.8550561514955684,-0.0773295742359083
2.8634833437409655,-0.024338016104125268
2.8655275038480212,-0.10202991712937251
2.868742529116094,-0.11707898983927434
2.874231706223775,-0.11331366903306378
2.8780742308384446,-0.16721926222417216
2.886154188917735,-0.08760740618579486
2.8976598812877015,-0.07219855478283249
2.907854881263631,-0.024317702475288826
2.913598584956273,-0.0019233055212535613
2.922925508082723,0.062406788766971706
2.926208160323007,0.131244084669961
2.9309519892088556,0.1856098510632248
2.929532357799649,0.21682666832084418
2.929729264430214,0.2819643859973677
2.9334276827780608,0.2915322041496383
2.9308826083269253,0.19909785564824325
2.9243349085875425,0.1763057193099071
2.912926431064094,0.18571192930084662
2.906741469895206,0.12286314062962901
2.9004838960560853,0.08272447773758107
2.8947546100681887,-0.035029056369039635
2.8928281749926166,-0.1363142177028567
2.8938048007077946,-0.11314619337317554
2.901442816639152,-0.10919189766224671
2.9057157634866275,-0.1074319173938241
2.9115066735426915,-0.007547058301104158
2.9161100403223372,0.002270021463938585
2.917023159758524,0.009054285012884905
2.9180427561153293,-0.04203963758948148
2.922071106424214,-0.09747982587760863
2.923353330905913,0.03766646878927345
2.925101031990507,0.046628417712872836
2.929670675396798,-0.008883063976856072
2.9329995980880583,-0.08998399881340598
2.9345697384647873,-0.16752062116630118
2.9368584418263532,-0.209424260488266
2.9408009992915702,-0.2311263061811739
2.9449204567464062,-0.21436785889565668
2.9433451979275316,-0.13871087827738043
2.9427013311711843,-0.19104935456108618
2.938290959934643,-0.17747324989510221
2.931387337025535,-0.1338183208113083
2.9252420490210795,-0.018036988596386534
2.9213778183813472,-0.0454985584058429
2.91905358046258,-0.028845959748929336
2.9201097538798177,0.04165844318640504
2.918977735006189,0.10985973074997166
2.9169862764908587,0.14493116130383252
2.9225292661626185,0.11648026215615288
2.9257276591564474,0.13010750388606396
2.920809200758651,0.08441851932484336
2.915546898245192,0.030526604349119916
2.915131746867069,-0.011489731371095829
2.9178975813782784,0.09680975701356957
2.9215343351728618,0.048887352506415196
2.9257461978407897,-0.059949625518029084
2.9336158056361015,-0.13598088486329032
2.937816579335188,-0.15411275131708824
2.939860759223353,-0.18731821930443607
2.943135664288396,-0.21278220727799207
2.9481310517926316,-0.18136137895359541
2.952698968485107,-0.16093561302480433
2.9529933797224244,-0.16433309152337044
2.95372786534595,-0.03896929528465373
2.956675429608885,0.046789928931394
2.96073908697469,0.12520402413807974
2.9589206890771407,0.09080759846964448
2.9563965382679664,0.0117655266228004
2.95235850646378,0.015631745487188847
2.9462651188798383,0.04657093505802486
2.942544820226677,-0.011784796994592145
2.941657028834292,-0.0665093917386111
2.9455832996300764,-0.005736621673329126
2.9480089791068314,0.0502629972132353
2.9510592809514526,0.09875416770857519
2.952541168923369,0.06332681975963157
2.9530340471951577,0.054569900193985874
2.952058709831515,0.0611943903686438
2.9491661572339316,0.0024716434300557748
2.9499425631633858,-0.026330678415862795
2.950153507708929,-0.047484961977943066
2.9549673505787646,0.01856267550574712
2.9571051908938792,0.026111407120289476
2.959052842366375,-0.06374591153315091
2.958006621808717,-0.20467226168671643
2.9574100154277603,-0.2259417557472082
2.963679570628236,-0.2464433258352353
2.974048411854384,-0.13366560325111765
2.9803286512565568,-0.06332498321354399
2.984944507503787,-0.04980015959330357
2.986990861271266,0.11350612645054844
2.9829502882904895,0.04992177586174368
2.977768413454325,-0.03326055843858919
2.9720549648017487,-0.093899434018189
2.971037362949075,-0.009736507456917759
2.973648202543792,0.0364348222136359
2.9760384915483584,0.05766633308810978
2.9792496375159208,-0.04821895015769058
2.9838279181415266,0.03637176768891813
2.98934253220608,0.07660329507371225
2.992255387258722,0.031203379927498973
2.9976427105926327,0.056438547279798246
3.00009454540127,0.04721059629173402
2.9987303508396925,0.06319636773792302
2.995269424775649,0.0018933909555626464
2.9897026955226718,0.016752317807843694
2.985196111040465,0.012169089196986359
2.9789604477379714,0.009079988568445862
2.974742554367111,-0.06398551587138443
2.9666934223130568,-0.042714675226083375
2.9628485429264475,-0.06581226585416176
2.9624988928848226,0.036300047132572344
2.9684203448252586,0.14713181849845572
2.9734689951920528,0.204056876032742
2.9787379160835585,0.15925465599008087
2.9879697240756986,0.10652124666233961
2.9948829346670442,0.11716581639282418
2.997687035545488,0.12420757094956808
2.998109305770123,0.1562308411716713
2.9971687988325773,0.15775601497335331
3.0052826369226637,0.14213597334665898
3.006073894854565,0.2572590466201697
3.006491944720648,0.19711022231764988
3.007143209163907,0.13662145797238726
3.0048319285902583,0.13074132222950596
3.0031966751764654,0.10270902051932501
2.9999302219433046,0.2536011300231937
2.995482955335236,0.3292902570464728
3.0015882185374427,0.3905701773306712
3.0074432744809543,0.3274794232645837
3.008752768304516,0.2831549745632962
3.009703151175302,0.2600682777302694
3.0077818697596643,0.2871005225791803
3.0049433044003746,0.13264965182246685
3.005376599419266,0.10296378000371105
3.0039190344166182,0.17868206765359956
3.0016234906770705,0.2714040205731484
3.001385306272855,0.20925187304224382
2.9982342614710205,0.10273533678079158
2.996029856828929,0.10666977111253331
2.993349480401081,0.09693062800617797
2.988945125995968,0.051828061208847115
2.9853195782475628,0.11125254439855789
2.9813237973264,0.18681449173763998
2.981989595517401,0.2523252508374044
2.982007779871373,0.3016528587387909
2.9788462716496444,0.23306799995720295
2.97603342872228,0.2912487136457705
2.976244366697584,0.29468288427521006
2.9810057341614287,0.33239753669604877
2.9858692109506455,0.34796452109259546
2.9994723263034317,0.36945400834629444
3.0120216887976574,0.3240437761048699
3.017975006100226,0.4000915334936983
3.0270394096154556,0.4075267030217299
3.037919296275578,0.47326438415375216
3.0519356478069257,0.300235347713921
3.060422503609127,0.22751994898028075
3.0648673787771834,0.29574263353528407
3.0717645680543586,0.17717443666628263
3.076977985005432,0.21485167776628009
3.0748885318110704,0.2461433793338996
3.074405328214441,0.2884196183437471
3.075066251163795,0.3583597226185252
3.0718158273531673,0.324671694014577
3.069650089224521,0.25771993241568214
3.060066393984168,0.39338386991015567
3.0502468017017463,0.3741246630742804
3.0410323351066797,0.42489184413089615
3.0289435560849314,0.41292163441509405
3.014603089934848,0.3898098970246801
3.0036625805602553,0.3190092350526218
2.992300337529943,0.31453308001253677
2.9823905198474128,0.29111550503684863
2.976692456284036,0.2749371782907845
2.9717579881340916,0.21436783724613317
2.9725977395045833,0.16047924642497025
2.976254297458457,0.14789287951338903
2.9764363597718946,0.12889471362230825
2.9741986808821843,0.08053677817730029
2.981025636083884,0.014537042368548293
2.9858617347446064,-0.012848901869422499
2.991834452843003,0.13136880149599703
2.998418114914555,0.2500046898811483
3.002850463943831,0.15362388398523755
3.0064925325431497,0.13162371430020803
3.006207775529433,0.1816628725488169
3.0085231771769636,0.10442976672575081
3.010572890418518,0.09234811649676018
3.011075561390051,0.10799194388278965
3.004772523094899,0.04463892229122593
2.997294430909419,0.06385773766292395
2.988906290944455,-0.01867155539307034
2.9790657267779364,-0.2123820317354248
2.9715069409403116,-0.21421176943267362
2.959459768295091,-0.21961508680962394
2.9455072602586827,-0.20508888565496416
2.933489386449091,-0.17917024474592283
2.924323277764956,-0.08060023597287909
2.917481264421556,-0.12657116528436713
2.910830969647502,-0.055608885604523824
2.907622030607879,-0.15557856309114557
2.9015856841043193,-0.10328032003080416
2.9006218687729137,-0.07152611095995855
2.900297569413428,0.027002162521809283
2.89866559548992,0.05414260052484014
2.9005378449359984,0.048350249122658784
2.903231513188146,0.0037588444994168385
2.9060923462544874,0.0032534577270143736
2.903393023684473,-0.018105674371445543
2.905751486073263,-0.14963931496017271
2.909805113785036,-0.1957713609358373
2.918239323782136,-0.19006075928040744
2.925675308394243,-0.22465071822422156
2.928584605827505,-0.21641249799388748
2.9311373304195794,-0.2534746806973661
2.928837586923944,-0.31255546292453074
2.931703827511898,-0.41176311547588523
2.9291158174593335,-0.4853944141776838
2.9301197559187018,-0.48429964615528837
2.9303998258644306,-0.39157344284348816
2.9333147961058943,-0.36732746674936884
2.9408654281939635,-0.31631069220281205
2.9478630595272155,-0.36266402239474477
2.9499438636230138,-0.3179478138007268
2.954863545272937,-0.3016590048944664
2.9566599941019818,-0.2164570406302808
2.9577526597471997,-0.25140582521349236
2.961257406669987,-0.2225216730718272
2.9649287866859124,-0.284707029172403
2.9712838284136547,-0.2762292074487197
2.9818590103022427,-0.3691619684723826
2.98881136921297,-0.4330613530860735
2.994781382271345,-0.44981264350069544
2.9989958909421004,-0.5797794212440239
3.0050315206007294,-0.6168871383826747
3.0142325023170855,-0.5921207189210748
3.013722214167476,-0.5612999455326712
3.0099417322443465,-0.6517660002815755
3.0059487178393596,-0.5535191349334141
3.0014417489346408,-0.5971632474485662
2.9927663321658833,-0.5407161188150056
2.9873856697125065,-0.6540774258085951
2.981953322550725,-0.5873321859124996
2.9749100500503998,-0.6071297793274566
2.970237198881157,-0.46994289997017163
2.976051568191248,-0.5055674083647504
2.9815981251983223,-0.490606979278483
2.9866678196194547,-0.6089268889690683
2.985390958850588,-0.6928891460781479
2.9819636424089504,-0.7130487282423411
2.978917978358613,-0.7249008595307492
2.9731925025864534,-0.7157468781115834
2.9677751126295804,-0.7655046462000776
2.961049941720416,-0.6056067487466817
2.949594097931814,-0.6711181068169083
2.9316252052543477,-0.6177540484785353
2.9195780931617734,-0.4623371153600006
2.9050422885000216,-0.3975961170869785
2.898026654415737,-0.3989051290886342
2.8969521932035787,-0.457168683501737
2.891478766174314,-0.45139416701949847
2.889133798935199,-0.45901155293612295
2.8844209838563075,-0.3644577913789088
2.877800312772143,-0.4755048005232093
2.8725372199242947,-0.5995810630320404
2.867533339344725,-0.6345506861392506
2.8585664055378217,-0.6878017418842329
2.8533938508723273,-0.7831748254366568
2.8494359092044528,-0.7786441586953283
2.849751384035895,-0.6822636442595021
2.851646408623946,-0.5701910518069055
2.8559325985302415,-0.49247442284980747
2.864402011819111,-0.4253310372843424
2.8788458559750443,-0.34228357420490785
2.892638733605531,-0.3215714072239494
2.899011532428043,-0.3217806789304148
2.910176144272997,-0.3043247275261264
2.9193241538003116,-0.23724107812071454
2.9233923971266846,-0.1943141300177911
2.9286379600659633,-0.28754982555154396
2.9313140953895416,-0.2727440790507081
2.9359930247105273,-0.42800334348624214
2.937113771719644,-0.4211045263764597
2.9315351574748063,-0.4412755556848464
2.9310132917719462,-0.41750161545975467
2.9325323656600752,-0.30521345809438916
2.9303754939863267,-0.4176152793477393
2.926448682838312,-0.383509241970181
2.9216023687630335,-0.35553882593960956
2.919651057355282,-0.3863871319005135
2.910508072916603,-0.4417755769119536
2.899192519082888,-0.45726532061785324
2.8851329912287027,-0.44116779817340257
2.869672415061325,-0.310460000979546
2.852204401114433,-0.19912291574935254
2.8360318480403293,-0.2947182317482375
2.8260323337383983,-0.26334642801138575
2.814126095680204,-0.3181966950651968
2.8003670072685662,-0.4398597078301887
2.7848033309604907,-0.3545608228976314
2.7658973279664263,-0.24074960795983782
2.762309244749876,-0.3014191983354456
2.768021135257888,-0.21753510752592253
2.77060294422089,-0.24781110201433362
2.7765522783401053,-0.3410063778288971
2.7847633718370997,-0.1937245817300119
2.7896261754956195,-0.12258780105646579
2.789623930017848,-0.05014360172728866
2.79737888307269,-0.10407532363943583
2.8077940843899416,-0.1760645366565286
2.8205945839386373,-0.19381106372491685
2.830321738486874,-0.058825313204050156
2.8304626820677186,-0.09071743298507245
2.8334292947593407,0.1400298879624184
2.8341678406046396,0.061758751588657394
2.831503444649032,-0.24391185711682475
2.8313894190169004,-0.36416602120666736
2.8316963247524947,-0.2606054979466302
2.8271862172821938,-0.22165489330807597
2.8267749013292387,-0.1157357974363073
2.8217138252968437,-0.20188135595320345
2.8088066900697726,-0.07651818915931984
2.803740871630536,-0.11109426236476744
2.800719862703559,-0.21141718986492966
2.7882825234902358,-0.1939358978443823
2.7844424324450263,0.1424308071954955
2.78389200346199,0.05005727565334897
2.7910464534909387,0.05071758694022398
2.7958845816173916,-0.12535330785755208
2.8034756534847447,-0.15938528127930413
2.8210420758813,0.07645500115732136
2.8373454794949784,0.2558952531039442
2.85016804122138,0.06928458529764271
2.8687315447194375,0.0829300913378947
2.8907787453331224,0.14675389817935527
2.9053656176810807,-0.3388791498268607
2.932839381507618,-0.13390868208269005
2.9490361156651463,-0.06617213699510266
2.9566703548560938,0.08163720324306573
2.9599421904774,-0.06391355306847388
2.9526183920925013,0.04456338936877168
2.950032332980385,0.030711070463537507
2.9479441215857523,-0.09155290908255279
2.942465917095832,-0.25589139724857396
2.941095160754945,-0.06434697950689189
2.937634063760966,0.07927025916162948
2.9353778044561842,-0.10207772642181459
2.9332110830797333,-0.09039726074893419
2.933942670774625,-0.12669786705490027
2.926608818639415,-0.14432488467940502
2.931271030798713,-0.033447526797954555
2.934830350372527,0.0447298358304326
2.9300791411860856,0.07867043127467438
2.9230059195725833,0.15304855011206175
2.9242971988863036,0.06870494458141295
2.9314188682235796,-0.164738432071132
2.932257149219793,0.09010382271759441
2.9417293865781904,-0.05192054819284541
2.9528264221748137,-0.051499111627511536
2.9781694125368237,-0.08053907392014525
3.0073457843427662,-0.09275896112650275
3.0354337862714083,-0.10219456167388145
3.0704570682188046,-0.2764415460841366
3.09451964974416,-0.22875510118245268
3.1059812789706682,-0.30754508582370343
3.1254552679883436,0.06907391436074213
3.1456843051007026,-0.08849757431418598
3.1498980505220207,-0.18440231834998697
3.1478108273364893,-0.28567296737430137
3.1410096369646294,-0.27643048717356544
3.1362886998502395,-0.3300449386241944
3.130769370780586,-0.21692659285377494
3.118949242831511,0.01196936849612188
3.122645298137098,-0.12497405861425738
3.11540147818685,-0.23950323627238465
3.09994430767209,-0.31756784730404464
3.0906456394898516,-0.035498850437052254
3.094157708862825,0.03472104844314406
3.0895987944614696,0.015814239991547352
3.0817723282632796,0.10554304650180527
3.0786659386151154,-0.09444616872779557
3.0687204156935493,-0.21955134297027004
3.065679799720905,-0.2548944761807608
3.060061754639205,-0.11657428462769859
3.0561952251026954,-0.20184506207650973
3.057174775682996,-0.13829547062032596
3.058434879664862,-0.1944038977578234
3.057118617388704,-0.2043073057007737
3.054712777297459,-0.31017472403178903
3.0542315768162336,-0.34603095341525647
3.0565126614243034,-0.35963875412193025
3.0566838800092335,-0.2687734059927543
3.0538028716975174,-0.07906852834720947
3.0520454306137905,-0.2330537914954109
3.0560932322106114,-0.18850146762650097
3.064857784646478,-0.37538522062799373
3.0675770708998633,-0.39530863735129984
3.069200724070441,-0.5848962312661353
3.057513530294693,-0.3787600415073573
3.0415487884402324,-0.2688882204444229
3.033813331999266,-0.24245700239427592
3.0354420990458486,-0.1451294004733212
3.0393300322600765,-0.33521847980951225
3.0337009169647335,-0.2721512038936796
3.0260605524597284,-0.3906249281732835
3.0244367971012074,-0.2677799783792196
3.031133454580982,0.06679002572997256
3.0432589527023866,0.016401228247965517
3.063345717071664,-0.049142126463271305
3.081197162707732,-0.30651483005139546
3.097725032763596,-0.3087517276274155
3.101814070639982,-0.6514438100696827
3.102820486866856,-0.5624702154476814
3.104666052986839,-0.5988667774006303
3.106763518000613,-0.39815122215232257
3.11219014424449,-0.26132232498118463
3.114951620893721,-0.27233355492893135
3.1174011722103248,-0.4392237384540921
3.1152381287503417,-0.5253266631236819
3.1159030041234694,-0.4458588359614705
3.119573627243864,-0.26660941542894945
3.1329745232747146,-0.0042591590297554535
3.138038313391895,0.12555957645611682
3.1345629180077528,0.16790896094039343
3.128998742635654,0.17714695574701356
3.120709362021352,0.0378110300394586
3.107562910149363,-0.13698109050294774
3.088597425242411,-0.12584781277193505
3.0848406429845157,-0.1681994120354218
3.066994887119254,-0.07178923151773317
3.0479826925441325,-0.06249262795327054
3.0297009811142113,-0.07586060088677239
3.017825813465914,-0.20151388373563442
3.007712502293386,-0.26414478759415777
2.9943126330700034,-0.346747938893159
2.976544260909322,-0.4003563464844381
2.969954864698835,-0.2639491213918061
2.975369702942109,-0.27420942178106217
2.9787738859233905,-0.2132395393048008
2.9894878086226964,-0.23125747065923546
2.9913307585597626,-0.3584419960494282
2.9957088231650246,-0.4845367512620625
2.9955545595180504,-0.30990874606855723
2.9955986547193736,-0.3371188841652256
2.998165069158843,-0.300302881030075
2.997120634580319,-0.2540740656218868
2.9997348993553663,-0.4269919104746723
2.992379482724431,-0.5014621972994547
2.984779236816945,-0.4455084823048415
2.9790584885467375,-0.4670861449176912
2.979124649076153,-0.31391610627062705
2.9831302940740314,-0.10561780503187632
2.9874072867331467,-0.11475096460405929
2.9949379145677684,-0.09631327429068581
2.9930342602993965,-0.09949394271313168
2.993125014395374,-0.09860024772929113
2.9858867559276123,-0.042668869182409315
2.973539613253004,-0.12103917690340271
2.961505645053089,-0.1504747447774314
2.947939379688485,-0.17174545006446237
2.936810797366623,-0.15669160285584002
2.9325681428823467,-0.18573547187284092
2.935512991206884,-0.24803242146954632
2.9369257548860874,-0.18373460733253408
2.9483225524876358,-0.4799570573108677
2.9620770902184197,-0.24321486013400587
2.9737039493528914,-0.1825436389342285
2.987097413644395,-0.18643997947549365
2.9994035447166474,-0.3179447968971204
3.0079164813322796,-0.15573783141537872
3.017545186254583,-0.2046763366016205
3.0226203913748386,-0.0692947737814203
3.0210809076512173,-0.06596186616451791
3.0151850126979287,-0.12339650881640102
3.0073676901824693,-0.11370211681923502
2.999255772113056,-0.104509817173403
2.990477402611363,-0.20415219849241048
2.9850188058214764,-0.19235682227599
2.9818744296451354,-0.11957597446906434
2.9811989874679172,-0.06856111919160546
2.976506043486306,0.025866463487089174
2.973019896457587,-0.0014008109446914385
2.9673710498502315,-0.04190196592831663
2.963200507093455,0.0575590531556955
2.960235914701372,0.0875091370216543
2.956627263800021,0.07277949229693088
2.947875832889411,0.09810998859844111
2.9409600653838326,0.10074213530817873
2.9349002549164536,0.1278261715095224
2.930516588376171,0.03476735213503175
2.9271128556005253,0.06070671483947997
2.9230532765319124,0.043507856250158586
2.912767076031916,0.10103580943215389
2.900346009750722,0.00341038543616181
2.89276815480267,0.011572816574490843
2.88474935462701,-0.03505027529773804
2.885520774304961,-0.01992147989069855
2.8813052677703923,0.11434762219051539
2.872891725809851,-0.009742118671222072
2.870322604556283,-0.0799694536008363
2.866852041880795,-0.021435023026408394
2.8653238743406346,-0.016042459334146542
2.864972151333484,-0.06879408601623913
2.866796682879814,0.03361968195878701
2.863662060754983,-0.040519138820266254
2.854653091648475,-0.121376568265871
2.844797111917572,-0.04651747354638955
2.832599826084185,-0.13331178353789913
2.8262852529480997,-0.11600372262489221
2.8153042606848264,-0.05437181551376187
2.8115881846464656,0.005634592578878127
2.802815491047126,-0.02702483842019561
2.793771240207199,-0.06970034290158858
2.7849674677095675,-0.11425501753319474
2.7810677162709236,-0.152849982766874
2.7778106265660574,-0.11938637793865456
2.7781194010695267,-0.14852989175573392
2.7807853840817227,-0.19770880025136983
2.7756042614282057,-0.11947248696110498
2.767618295806188,-0.110983593682034
2.756627380259313,-0.24767806856237967
2.7431491624212243,-0.3069525361716528
2.728868685519101,-0.3030864968229661
2.715851437496211,-0.3336310691367979
2.6997879803984026,-0.26963326284475414
2.6861957885979355,-0.15327498595175687
2.670549464227045,-0.2261153093596585
2.66004153867952,-0.12827399999572403
2.6564902804115156,-0.18148141940436513
2.6462315260887252,-0.12926667622925228
2.6357381625222946,-0.08659022313674146
2.6281566782963073,-0.03275794206367946
2.622266808967462,-0.021256686970951406
2.6137103838544697,0.1047326732417787
2.609672576017081,0.00882570441321039
2.607101414950156,-0.13109032051687405
2.6012268524873954,-0.09817838818279478
2.5930756378610416,-0.12823383853142323
2.575591731235758,-0.0532396689646187
2.5614726486455615,-0.04068140651725895
2.5475013114405116,-0.04453462652749107
2.5331741150437415,-0.08582149411760814
2.5241159999046054,-0.07117002880231628
2.513345210709153,-0.13893379003961107
2.507654391849664,-0.0850476357703918
2.4989147898976856,-0.08573627553821088
2.483706531343898,0.03222822886787033
2.466410399724439,0.06509232074445362
2.4509761019021625,-0.04787987947967777
2.4337730020886705,-0.026235234486822256
2.4258857075512705,0.07483568444057113
2.4172565926930853,0.14886615909733888
2.405474055052857,0.11757603297386941
2.394747118073645,0.17645581127128313
2.389493848073891,0.057461808188829684
2.378167846434954,-0.013937334083252099
2.3681056422377353,-0.07520333259302862
2.358867632400922,-0.0048979876018061495
2.3479166519594967,0.013585990447436191
2.3423912986917395,0.06960084994553838
2.338762624915375,0.15659831878954614
2.330432969131935,0.07442861472622143
2.326864113827887,0.17200281964033562
2.3236863563435612,0.12423316439479866
2.3228627321298445,-0.014041624342525327
2.3162702444835146,0.22263912000114136
2.3179061966479986,0.2747650799797299
2.3277452293190946,0.24870680460087605
2.331687195349362,0.6200599484079936
2.341910792114271,0.7707408195313501
2.3583953682317382,0.7861176883942578
2.3743572865338045,0.8
2.3809981545027137,0.8
2.381249941770917,0.8
2.3741962932131755,0.8
2.3791389685069637,0.8
2.385741349980133,0.8
2.3940863082048627,0.8
2.414560771770217,0.8
2.423738509938853,0.8
2.4242915319042315,0.8
2.425658377302735,0.8
2.4348368432026337,0.8
2.4581340496048973,0.8
2.490913950819164,0.8
2.5238109293793425,0.786557210261358
2.551049699163247,0.8
2.5785558690057533,0.8
2.6102154007091967,0.8
2.6409930312720733,0.8
2.682791969267248,0.8
2.729995120218948,0.8
2.7771139571856693,0.8
2.8125349082591136,0.8
2.8445824635707626,0.8
2.8663687438519014,0.7813556569012112
2.8825378063375378,0.7713251355768823
2.896521254580454,0.8
2.9133190396117685,0.8
2.930146492017973,0.8
2.9359204925931595,0.8
2.931621244239788,0.8
2.9240612147510414,0.8
2.9264342948857918,0.8
2.9295508807599093,0.7478714635104001
2.9515814005786827,0.8
2.9694608131635873,0.8
2.9855112745599475,0.8
2.9826485564054446,0.8
2.9899357440828047,0.8
3.016394729403508,0.8
3.0499652594541766,0.8
3.0808270663221435,0.8
3.102713574686574,0.8
3.120248227393782,0.8
3.122366399440182,0.728748233106021
3.1293845660973587,0.8
3.1344500636468555,0.8
3.1534045217381905,0.8
3.1554502731722125,0.8
3.1662926640144367,0.8
3.177442905011579,0.8
3.2007375155270283,0.8
3.231448325961109,0.8
3.245614718122166,0.8
3.2581027890792957,0.8
3.2692234383669585,0.8
3.2820019845524753,0.8
3.2882671842412843,0.8
3.303420494242194,0.8
3.300978104288319,0.7988871057821039
3.2947412955189628,0.8
3.277068298089701,0.8
3.2547686770235313,0.8
3.2432889370747366,0.8
3.229533489011768,0.8
3.212529442430655,0.8
3.1991568444400706,0.8
3.184758459314021,0.8
3.1645956568975997,0.8
3.153168513438494,0.8
3.1515429694001225,0.8
3.161577999646223,0.8
3.174562326836166,0.8
3.203307203390067,0.8
3.2349488215427553,0.8
3.264186309483857,0.8
3.2793209019625733,0.8
3.2965292821015093,0.8
3.307341112052584,0.8
3.32331735322575,0.8
3.3355338387494298,0.8
3.3360739389003773,0.8
3.3389045152363237,0.7898669657753461
3.334888576561616,0.8
3.321254592330001,0.8
3.3146023826200914,0.8
3.306587486664641,0.8
3.2996728273599527,0.8
3.2962666571576227,0.8
3.3027602584472002,0.8
3.3121205449606252,0.8
3.3234561358377492,0.8
3.3443857522679776,0.8
3.3751899270506547,0.8
3.4060803780389914,0.8
3.4373492432063055,0.8
3.4587515372223043,0.8
3.468778927517987,0.8
3.4832452374103062,0.8
3.4795896571460876,0.8
3.478699615325985,0.8
3.4798200819852276,0.8
3.471877537248521,0.8
3.4559822834519753,0.8
3.4422020193378065,0.8
3.4298955911512357,0.8
3.4257319520628906,0.8
3.435400450973185,0.8
3.4480893816113243,0.8
3.4609344977007224,0.8
3.4656963741303644,0.8
3.4859022749340993,0.8
3.4946630803220633,0.8
3.4982051510234595,0.8
3.506211484025485,0.8
3.504393699067685,0.8
3.5113517627466666,0.8
3.508572503053736,0.8
3.5116333052230773,0.8
3.518167299599369,0.8
3.5081733819895073,0.8
3.5027632549822174,0.8
3.5017082205391072,0.8
3.4991563259029346,0.8
3.500324383717294,0.8
3.507751134569358,0.8
3.5176960695762656,0.8
3.5266061078277082,0.8
3.528316108927394,0.8
3.5275229045122467,0.7418992061851075
3.529132655460437,0.7306104175254613
3.5319968048616235,0.7047634833010994
3.5277553363429597,0.7349541921436443
3.5353329347031783,0.7550946492759124
3.5328784586149053,0.6383739633823228
3.5326043758736243,0.4824790683046554
3.5319830832711485,0.733392298575383
3.537318824604754,0.7590074760876813
3.539578303148981,0.8
3.54706847354592,0.761944730402273
3.5539719746309926,0.774915012210493
3.5595281716556104,0.6068319659842756
3.569221764220194,0.7261559001329918
3.574073471320087,0.6187482069502994
3.5723206052257974,0.6756016489046108
3.5620523656888112,0.5622256553579466
3.5501857810067263,0.409972656788936
3.538061728622377,0.2155250824202005
3.522162195621025,0.2820695835939533
3.503285225777285,0.36666231768158397
3.481079565535888,0.35356301521995903
3.4573755781784046,0.29358107129092953
3.4362236242852786,0.23095723448046132
3.414647003735985,0.12364664284099702
3.3958914633989976,0.11481161981324403
3.374954417713471,0.10048214814661016
3.354260220735987,0.14176732849395152
3.330578246619804,0.16438377616272795
3.312259808775834,0.06170037821693287
3.2952425325408723,0.05201014734325053
3.2822181226498053,0.08866145789034764
3.2698745688098705,0.06658080238783809
3.254063590304921,-0.02663467343609322
3.238680713039748,-0.11409372328895058
3.224737671932278,-0.06308092787765082
3.2145809712722317,-0.09575041971177571
3.205531792470142,-0.24598840498641603
3.2010554097193795,-0.29427895641166385
3.198196457468368,-0.18926242338035087
3.1964950791224,-0.23581886848363062
3.1973994345164347,-0.2854053910087283
3.19491136316894,-0.2716321340595625
3.194206843375955,-0.20234247272335174
3.1914712635742153,-0.17614671534099618
3.1883766235490607,-0.24021585748444407
3.1906175164709376,-0.36337801935385444
3.1871576519938802,-0.3653472046560877
3.1811414648738907,-0.3271051907445746
3.1756637065942375,-0.40591543706570044
3.173335732447724,-0.40656152267757756
3.172236959626935,-0.4866112911985246
3.171817936190844,-0.4710981600006595
3.169473481962153,-0.44502334022828
3.1649750148015845,-0.5202010274176129
3.163140363785245,-0.5566654700620203
3.159734518124364,-0.47671230132778697
3.1560468925832077,-0.4912799513266292
3.1535275222154193,-0.6109182814977109
3.1549129224402854,-0.643207413396715
3.1545677582625964,-0.731818248590025
3.150704190701549,-0.7440831084006408
3.147087738215714,-0.7094518767531405
3.141850816556635,-0.7912474995995117
3.1348315589338642,-0.7330306580562395
3.1322803028423634,-0.7932409674151418
3.134840278217285,-0.8
3.139631019539336,-0.8
3.1459421609314906,-0.8
3.1473892896722675,-0.8
3.1483182890320416,-0.8
3.1407504826088823,-0.8
3.1360798898763615,-0.794985643344452
3.128496118406768,-0.8
3.120928777716471,-0.8
3.1114037084962516,-0.8
3.1045102654838423,-0.7756728070258353
3.096019521303178,-0.8
3.087637500051118,-0.8
3.0822161359076934,-0.8
3.0721842303393894,-0.8
3.062185062821408,-0.8
3.0540527274923943,-0.8
3.045717685314217,-0.8
3.037136979143117,-0.8
3.034866545344729,-0.8
3.0290288493061617,-0.8
3.01882415365848,-0.8
3.0159313113342696,-0.8
3.0086509847372884,-0.8
3.0052995570489207,-0.8
3.002938861908421,-0.8
3.0021422226165946,-0.8
3.0015433755528647,-0.8
2.9970129703317565,-0.8
2.9890940493051974,-0.8
2.987406485117305,-0.8
2.985606405233058,-0.8
2.9818278046696993,-0.8
2.980646464049185,-0.8
2.983486888651783,-0.8
2.9830516359459756,-0.8
2.9805700569260907,-0.8
2.978248573271488,-0.785094934723668
2.9802847786277504,-0.7524544240589891
2.981622794478219,-0.8
2.977704276457347,-0.8
2.9716081640319048,-0.8
2.9633917940338623,-0.8
2.954178237622339,-0.8
2.940852194452186,-0.8
2.9330875683720006,-0.8
2.923497239232783,-0.8
2.912342574235492,-0.8
2.9042834403959414,-0.8
2.897888265253073,-0.8
2.8913245451612326,-0.8
